trunk_radius,trunk_height,trunk_offset,trunk_upper_taper,foliage_radius,foliage_height,foliage_offset,foliage_upper_curv,foliage_midpoint,foliage_lower_curv,transform_position_x,transform_position_y,transform_rotation_tilt,transform_rotation_spin,rendering_samples
1.0,2.0,100.0,0.0,25.0,80.0,0.0,1.2621232876712327,1.0,2.0,0.6625386996904025,0.32606635071090045,9.0,316.3636363636364,32
5.0,8.0,0.0,0.0,10.0,25.0,5.0,2.0,0.5,2.0,0.6860681114551084,0.5383886255924171,0.0,0.0,32
1.0,2.0,0.0,0.0,50.0,200.0,0.0,2.0,-0.6153846153846154,2.0,0.676780185758514,0.628436018957346,0.0,0.0,32
1.0,2.0,0.0,0.0,2.5,5.0,0.0,2.0,0.5,2.0,0.5721362229102167,0.5933649289099526,0.0,0.0,32
1.0,2.0,0.0,0.0,2.5,5.0,0.0,2.0,0.5,2.0,0.773374613003096,0.5526066350710901,0.0,0.0,32
1.0,2.0,100.0,0.0,50.0,300.0,0.0,2.0,1.0,2.0,0.5,0.5,9.0,316.3636363636364,32
1.0,2.0,100.0,0.0,5.0,300.0,0.0,2.0,1.0,2.0,0.6427244582043343,0.2123222748815166,9.0,316.3636363636364,32
1.0,2.0,100.0,0.0,25.0,80.0,0.0,1.2621232876712327,1.0,2.0,0.5,0.5,0.0,0.0,32